id;nombre;apellido;telefono;celular;mail;repcom_1;repcom_2
1;Knoll;solutions;Concrete;Investment Account Brand bi-directional;District Pizza Checking Account;Australia;capacitor white synergies
2;bypassing RAM New Jersey;program Implementation;cross-platform Washington Gloves;capacitor;Alabama neural Global;Cambridgeshire;JSON Washington Sleek Fresh Keyboard
3;Malaysia Planner;protocol;Handmade Cotton Shoes South Georgia and the South Sandwich Islands;EXE Checking Account Games;Licensed;virtual Somali Shilling multi-byte;solutions
4;Massachusetts Salad;Intelligent District Engineer;e-tailers Unbranded Fresh Cheese Run;payment Ohio Buckinghamshire;CSS;Adaptive;Russian Federation hack New York
5;Berkshire red;Granite blue hacking;Integration;turquoise Home Loan Account;lime Security;transparent Unbranded parallelism;Kwacha Kip
6;Auto Loan Account;Borders;background Granite Soap;application;Soft Michigan ROI;Tasty Soft Chair;USB Money Market Account
7;extend Car;array azure;payment;Producer;Mouse Berkshire Automotive;Glens;holistic orange
8;deposit;primary driver Gorgeous;Moldovan Leu navigating driver;Assistant deposit;Switchable payment;New Leu compressing;Nevada
9;generating Loop Ball;Data;Handcrafted Metal Chicken Producer;RAM;Arkansas Architect;Virginia grey;Expressway
10;open-source Ethiopia;schemas Unbranded PNG;Forward;Cambridgeshire Branding payment;Colorado;Forward;user-facing
